peptide,normalized_ratio_peptide_level_plus0,normalized_ratio_peptide_level_plus1,normalized_ratio_peptide_level_plus2,normalized_ratio_peptide_level_plus3,total_intensity_every_channel_peptide_level,total_intensity_all_channels_peptide_level
HIIVDGHK,0.94,1.01,0.97,1.09,"[11904769.6, 12855840.2, 12292261.6, 13802778.8]",50855650.2
SSTPSTYEHISSLRPK,1.25,1.01,1.03,0.71,"[159853.9, 129485.7, 131675.2, 90910.4]",511925.19999999995
NIVEFHSDHMK,1.03,0.98,0.78,1.21,"[12955703.0, 12316009.1, 9832859.2, 15169120.4]",50273691.699999996
AEGATGGLVPHK,0.99,0.99,1.07,0.96,"[1175992.3, 1172545.2, 1267762.6, 1143733.2]",4760033.3
HLSYQRSK,1.05,1.02,0.96,0.97,"[794648.0, 768750.5, 730373.9, 734660.6]",3028433.0
AMGYRVLGIDGGEGK,1.07,1.22,0.87,0.85,"[1123750.7, 1284051.2, 916243.4, 891153.1]",4215198.399999999
AGEIVLAARK,1.1,1.03,0.96,0.9,"[889378.8, 830061.4, 775244.7, 726026.6]",3220711.5000000005
HWQERVK,1.04,1.03,0.94,0.98,"[2098815.4, 2076129.4, 1893842.7, 1977564.6]",8046352.1
HLEGISDADIAK,0.96,0.99,0.98,1.07,"[2347203.6, 2414051.0, 2383497.2, 2599121.3]",9743873.1
QEYDESGPSIVHHK,0.96,0.96,1.05,1.03,"[608249.4, 605444.4, 663535.9, 650566.0]",2527795.7
TNNPETLVALRK,1.11,1.08,0.97,0.84,"[5739617.4, 5592026.9, 4996720.6, 4344609.3]",20672974.2
HLYHVLYK,1.08,1.04,0.83,1.05,"[214885.6, 206481.1, 166034.0, 209474.2]",796874.8999999999
AFEERHQAGK,1.06,0.98,1.01,0.95,"[689243.4, 637497.2, 655852.9, 613727.3]",2596320.8
HIDASGSINRK,1.09,1.12,0.98,0.82,"[1777095.9, 1825797.1, 1604081.4, 1341035.8]",6548010.2
TFGLFANVRPAK,1.1,0.86,1.11,0.94,"[202535.5, 158679.4, 204673.7, 172908.6]",738797.2000000001
TWETYEMRIHK,1.03,0.96,1.04,0.96,"[977933.7, 911345.8, 982440.7, 910122.0]",3781842.2
NHDEIVNDPK,0.96,0.92,1.36,0.76,"[99099.1, 94658.4, 139843.9, 77989.9]",411591.30000000005
AAGSYYVEAQHK,0.97,1.09,1.02,0.92,"[471696.2, 532043.0, 500057.8, 449542.5]",1953339.5
TYAAEIAHNISAK,1.17,1.07,1.12,0.64,"[234726.3, 215064.8, 225021.3, 128023.5]",802835.8999999999
HAVSEGTRAVTK,1.14,1.1,0.91,0.84,"[852603.9, 826206.1, 682957.1, 630812.5]",2992579.6
TLLEAIDAIEQPSRPTDK,0.98,1.07,1.0,0.95,"[769560.9, 838767.5, 781022.5, 745903.3]",3135254.2
SEELYPGRPLAIALDTK,0.89,1.32,0.91,0.87,"[384833.1, 569588.0, 393584.5, 374640.7]",1722646.3
PLRLPLQDVYK,1.08,1.12,0.9,0.89,"[2594001.0, 2689035.1, 2163973.0, 2135184.1]",9582193.2
YQVTVIDAPGHRDFIK,0.97,0.95,1.06,1.02,"[998616.8, 982564.0, 1087921.2, 1051194.3]",4120296.3
LVLVRHGQSEWNEK,0.9,0.9,1.43,0.77,"[675554.2, 680790.1, 1075307.9, 579445.2]",3011097.3999999994
NAAGNFGPELARK,1.15,1.09,1.05,0.71,"[126231.4, 119431.7, 114515.8, 78116.1]",438295.0
WAVATSGTRDMAK,1.02,1.41,0.81,0.76,"[365858.1, 505903.2, 288825.9, 270204.8]",1430792.0000000002
DLTHVEPPK,0.88,1.1,1.02,0.99,"[142392.7, 178030.5, 165388.3, 160355.2]",646166.7
STELLIRK,1.11,1.06,1.02,0.81,"[271530.8, 260180.2, 248673.1, 199110.4]",979494.5
YDSTHGRYK,0.9,0.97,1.07,1.06,"[1592421.8, 1719553.2, 1887889.2, 1865026.0]",7064890.2
NAILYRPK,1.1,1.1,0.91,0.88,"[451603.3, 450614.5, 373833.0, 359345.7]",1635396.5
QNVETLDIVRK,1.03,1.08,1.14,0.76,"[242526.9, 254318.4, 268678.2, 179552.2]",945075.7
TAASPIERVK,1.04,1.12,0.94,0.91,"[258628.6, 279078.8, 233618.0, 228021.8]",999347.2
AVQYLHEIK,1.41,0.87,0.83,0.89,"[328082.4, 202381.6, 194863.0, 208198.6]",933525.6
SQVDEIVLVGGSTRIPK,1.1,1.08,0.99,0.83,"[1368240.0, 1342902.4, 1223400.6, 1023642.4]",4958185.4
RAQELAEATRK,1.25,1.06,0.8,0.89,"[96504.8, 81629.4, 61766.9, 68347.5]",308248.6
ALIERYYPK,1.04,1.05,0.97,0.94,"[467057.4, 469725.1, 432225.7, 420386.9]",1789395.1
WLTGVELADMYHSLMK,0.69,0.8,0.95,1.56,"[43196.6, 49832.8, 59839.3, 97838.8]",250707.5
YSLAPVAK,0.95,0.98,1.09,0.98,"[321033.0, 330746.1, 365197.5, 327818.6]",1344795.2
PFLWLARK,1.06,0.92,0.97,1.06,"[89555.0, 77930.1, 81853.6, 89742.7]",339081.4
EFSEQVRSGEWK,1.06,1.08,0.97,0.89,"[891225.0, 908754.5, 811912.0, 742950.9]",3354842.4
IRNATFPGVQMK,1.19,1.03,0.96,0.82,"[287416.2, 249308.0, 231688.9, 196644.8]",965057.8999999999
AVEFAQQVQQSLPK,1.0,1.08,1.0,0.93,"[416445.4, 452040.7, 417804.0, 387248.3]",1673538.4000000001
VISNPLLARK,1.05,0.98,1.0,0.96,"[758643.2, 704655.4, 721610.8, 692816.2]",2877725.6000000006
INEGILQRWTK,1.01,0.93,1.08,0.98,"[461026.9, 425267.2, 494951.0, 449724.9]",1830970.0
RLCDEIATIQSK,1.33,1.23,0.83,0.61,"[186163.1, 171176.3, 115157.6, 85423.4]",557920.4
GDFEERFK,1.01,1.11,0.98,0.9,"[214528.7, 237359.2, 208974.2, 190994.2]",851856.3
ALENPTRPFLAILGGAK,0.84,0.83,1.34,0.99,"[307836.3, 304654.9, 492214.6, 365427.6]",1470133.4
DRAQHAVILDQEK,0.75,1.15,0.75,1.34,"[963153.7, 1481038.9, 966844.2, 1719277.5]",5130314.3
LIDLTQFPAFVTPMGK,0.95,1.0,1.07,0.98,"[1168779.5, 1228003.4, 1310050.2, 1204355.3]",4911188.399999999
YHDFLRK,0.82,0.84,1.23,1.11,"[277705.3, 284956.4, 415593.1, 377715.8]",1355970.5999999999
TGTLTTSETAHNMK,1.09,1.1,0.85,0.96,"[594070.5, 598600.4, 461506.1, 520694.6]",2174871.6
TTLPERK,1.02,1.05,0.98,0.95,"[3485587.1, 3604370.7, 3371637.5, 3256755.2]",13718350.5
HIIIDGVK,0.75,0.99,0.81,1.45,"[1919687.2, 2545770.8, 2071929.1, 3701374.8]",10238761.899999999
LVAETEDRK,1.05,1.02,0.96,0.97,"[446140.3, 435461.0, 408532.6, 414405.0]",1704538.9
GDIPGVRFK,1.17,1.02,0.92,0.89,"[1417559.4, 1236486.5, 1109361.0, 1069514.9]",4832921.8
STTTGHLIYK,1.09,1.04,0.8,1.06,"[959417.8, 911747.3, 703139.3, 933823.4]",3508127.8000000003
GRFQTPAEK,1.21,1.07,0.9,0.83,"[126732.5, 112129.2, 94245.7, 87177.9]",420285.30000000005
SVIDNARK,1.04,1.11,0.97,0.88,"[2756126.9, 2936424.0, 2565384.0, 2327419.1]",10585354.0
RFAHEIELVRK,1.15,1.04,1.05,0.76,"[239658.9, 217646.4, 219406.7, 157912.8]",834624.8
VMPAIVVRQAK,1.2,1.06,0.92,0.82,"[355582.9, 313921.2, 271241.6, 243885.4]",1184631.1
SGDAALVK,1.05,1.24,0.89,0.82,"[921506.4, 1091590.5, 783597.8, 720896.7]",3517591.4000000004
EHQIRAK,0.88,0.88,1.13,1.11,"[192346.8, 193226.5, 247679.7, 242042.0]",875295.0
GHGFEGVTHRWGTK,1.16,1.04,0.8,1.01,"[138142.0, 124399.1, 95313.7, 120207.8]",478062.6
IHQYLFQEGVVVAK,0.89,0.98,1.15,0.98,"[156463.5, 173162.7, 203659.1, 173604.8]",706890.1000000001
VVDLLAPYARGGK,1.01,1.06,0.97,0.96,"[96463.8, 101254.5, 92918.2, 91213.2]",381849.7
TITFHRK,0.97,0.95,1.06,1.02,"[625952.4, 612693.6, 683238.2, 656317.0]",2578201.2
LSRAIQTANIALEK,1.09,1.03,0.9,0.97,"[354594.8, 333465.2, 292373.2, 315613.0]",1296046.2
HGHEELTQAK,1.09,1.19,0.78,0.94,"[57370.0, 62265.2, 41053.6, 49330.1]",210018.9
RVISPEEDAQTRK,1.19,1.04,0.89,0.88,"[64731.0, 56568.6, 48500.5, 47559.4]",217359.5
AVHETIAEGK,0.97,1.41,0.87,0.75,"[265536.9, 383774.1, 236415.2, 203980.5]",1089706.7
ISHVSTGGGASLELLEGK,0.98,1.14,0.83,1.06,"[101956.0, 118604.5, 86613.8, 110338.9]",417513.19999999995
QQAHFWK,0.92,1.07,1.01,1.0,"[83839.8, 97688.7, 92411.7, 90924.6]",364864.80000000005
DIAVLRSK,0.89,1.02,0.96,1.13,"[161882.9, 185703.0, 174000.8, 205944.9]",727531.6
WDESRFQEIVK,1.03,1.01,1.02,0.94,"[2087988.2, 2035577.8, 2070852.6, 1896692.3]",8091110.899999999
NPLTHSTPK,1.01,1.11,0.91,0.97,"[135648.1, 149565.2, 122022.3, 130760.9]",537996.5
YTREQVGCK,1.19,1.01,1.01,0.79,"[435971.0, 368320.1, 368474.8, 286830.9]",1459596.7999999998
EHFAEAMK,0.84,1.01,0.97,1.19,"[177457.1, 213073.2, 204289.7, 250559.3]",845379.3
VIARNPQK,1.02,1.01,0.95,1.01,"[892465.3, 881321.0, 832335.0, 883924.2]",3490045.5
LATELPAWSK,0.91,1.07,1.06,0.96,"[187531.1, 220673.2, 218668.3, 198973.2]",825845.8
AFLASEEARHK,1.07,1.02,0.97,0.94,"[221608.9, 210998.6, 201201.8, 194287.5]",828096.8
VDSIIIGGGMAFTFK,0.8,0.94,1.37,0.88,"[123639.7, 145976.9, 212273.7, 136432.4]",618322.7
HIIVDGK,0.75,1.19,0.77,1.29,"[15600863.8, 24965803.6, 16133018.7, 26931462.9]",83631149.0
DYETHRVATTGEWDK,1.1,1.06,0.93,0.91,"[367132.8, 356900.5, 312178.8, 304670.8]",1340882.9000000001
TDYYQRK,1.04,1.07,0.92,0.97,"[395563.4, 406917.8, 351395.9, 370921.1]",1524798.2000000002
FLSPSGHK,1.0,1.05,0.98,0.97,"[1311141.5, 1369116.1, 1289096.2, 1270451.0]",5239804.8
QIVHDSGRGAPLAK,0.93,0.92,1.03,1.12,"[415821.1, 408151.9, 458884.8, 501349.8]",1784207.6
AIEEVHGK,0.97,1.07,0.95,1.01,"[140541.2, 155336.3, 138399.6, 146860.5]",581137.6
VDWAREHFEK,1.0,0.95,1.08,0.97,"[367702.0, 348043.6, 398036.5, 355553.3]",1469335.4000000001
HEEIDTK,1.02,1.11,0.96,0.91,"[346641.8, 379836.2, 327059.0, 310585.4]",1364122.4
EANVTGLRDAMFK,1.33,1.37,0.93,0.38,"[218296.7, 224409.9, 152263.7, 61655.5]",656625.8
AGLNIVRMNFSHGSYEYHK,1.4,1.2,0.77,0.63,"[83529.5, 71432.3, 45777.0, 37258.8]",237997.59999999998
ASIASSFRK,1.28,1.18,0.8,0.73,"[309746.4, 285573.6, 194424.9, 176922.4]",966667.3
LASFYERAGK,1.24,1.09,0.92,0.75,"[100906.6, 89070.7, 75170.6, 61639.2]",326787.10000000003
PYTLSDAHHK,0.98,1.04,1.04,0.94,"[461257.1, 490063.6, 491082.4, 442624.3]",1885027.4000000001
SFVVPQEVYDHYQK,1.08,1.01,0.76,1.15,"[85082.5, 79970.1, 60462.6, 90672.0]",316187.2
RSIAVSNK,1.04,1.16,0.97,0.83,"[872478.8, 978748.5, 816607.5, 702859.6]",3370694.4
HIDVTFTK,1.0,1.27,0.78,0.96,"[501409.3, 635989.5, 391055.9, 481659.4]",2010114.1
NVPLYQHLADLSK,0.96,1.14,0.93,0.98,"[4385457.5, 5199596.2, 4243905.7, 4484350.2]",18313309.599999998
AEEILERGLK,1.03,0.98,1.01,0.98,"[703878.6, 666964.5, 691759.5, 669814.3]",2732416.9000000004
THEPNPYPHK,1.02,0.98,0.99,1.01,"[151105.6, 145213.0, 146941.4, 149123.6]",592383.6
GRIPNVPVIVK,1.09,1.05,1.03,0.82,"[263339.0, 253579.3, 247864.0, 197736.0]",962518.3
HVAALRTVK,1.05,1.05,0.99,0.91,"[1367275.7, 1369278.6, 1284945.3, 1180912.1]",5202411.699999999
FLDGIYVSHK,0.77,0.92,1.16,1.15,"[164328.2, 196808.3, 247298.2, 246793.5]",855228.2
TRNPLTHSTPK,0.9,1.31,1.1,0.69,"[310682.6, 453256.0, 379444.5, 236954.0]",1380337.1
ASMIISGSRDK,1.16,1.05,0.89,0.9,"[357649.8, 325449.6, 276551.8, 277049.1]",1236700.2999999998
NELITSLTPGVAK,1.03,1.01,1.06,0.9,"[160696.4, 157765.9, 165420.8, 141337.6]",625220.7
VLEFHPFDPVSK,0.93,0.96,0.97,1.14,"[434829.3, 447889.3, 454107.2, 534784.8]",1871610.6
RAPFDLFESK,0.96,0.9,0.83,1.3,"[328613.2, 309356.4, 283909.6, 445470.1]",1367349.3
CDVDVRK,1.08,1.19,0.85,0.88,"[147926.4, 162821.7, 115716.2, 119538.5]",546002.8
AYELRTK,1.08,1.05,0.97,0.9,"[324076.7, 314824.7, 289620.8, 270972.2]",1199494.4
HFAALSTNETEVAK,1.07,1.01,0.91,1.01,"[760096.3, 717470.2, 646037.6, 714200.8]",2837804.9000000004
HGAVHMSTYLK,1.03,1.1,0.88,0.99,"[60476.2, 64323.0, 51312.0, 57796.1]",233907.30000000002
GVIFYESHGK,1.05,1.08,0.93,0.95,"[6730200.7, 6925445.4, 5933012.2, 6066733.4]",25655391.700000003
IEAALSDALAALQIEDPSADELRK,0.79,1.19,1.01,1.0,"[80359.8, 120797.9, 102704.8, 101208.6]",405071.1
VRIQGPNYVPGK,1.11,1.06,0.99,0.84,"[653636.2, 622023.0, 578997.0, 495972.4]",2350628.6
IVGEAITNHPK,0.98,1.04,1.05,0.93,"[177602.4, 188052.7, 191075.8, 169507.6]",726238.4999999999
ILLRPDEK,1.04,0.92,0.89,1.15,"[308274.4, 271754.8, 263838.5, 342152.1]",1186019.7999999998
HFIDELNK,0.97,1.17,0.9,0.96,"[385050.2, 462436.2, 355212.0, 380427.2]",1583125.5999999999
YLEELQRK,1.02,0.97,1.05,0.95,"[329994.3, 314752.8, 339345.3, 308598.5]",1292690.9
YDENNPEHRK,1.01,1.29,0.76,0.95,"[63772.1, 81233.4, 47884.3, 59843.5]",252733.3
NVEAHLK,1.04,1.01,0.99,0.96,"[126956.6, 124044.7, 121598.2, 117679.0]",490278.5
ADVDLHK,0.89,1.4,0.91,0.8,"[496579.0, 785837.1, 507547.5, 448341.3]",2238304.9
IFEGIPPPYDK,0.95,0.99,1.01,1.05,"[100412.7, 104566.8, 107149.9, 111293.3]",423422.7
YLFERLK,1.07,0.97,0.96,1.0,"[3531833.4, 3191340.8, 3168106.2, 3295533.1]",13186813.499999998
IGGIGTVPVGRVETGVIK,1.06,0.99,0.99,0.95,"[1621975.3, 1513219.9, 1507222.3, 1450260.0]",6092677.5
QIAFPQRK,1.89,0.78,0.7,0.64,"[2037166.7, 840170.2, 749664.8, 687571.8]",4314573.5
VHLVAIDIFTGK,0.94,0.98,1.02,1.06,"[136392.0, 142050.4, 146857.9, 153266.5]",578566.8
EVGITAVHVK,1.07,1.05,0.94,0.95,"[619728.9, 605912.2, 544442.0, 549033.1]",2319116.2
FPLPHRVQK,0.96,0.82,1.15,1.08,"[1490891.8, 1261832.2, 1774882.4, 1664086.5]",6191692.9
EAAAVAEGK,0.92,0.96,1.17,0.95,"[174419.2, 183571.6, 222296.2, 181753.3]",762040.3
DEIERQK,1.04,0.97,1.0,0.98,"[427418.4, 398938.6, 409074.0, 401466.0]",1636897.0
VVDPFTRK,1.1,0.97,1.02,0.92,"[497003.2, 438505.5, 461044.4, 417753.0]",1814306.1
RYIDLEAPVQIVK,1.12,0.91,0.91,1.06,"[195875.7, 158381.5, 158065.2, 185131.2]",697453.6000000001
DAAAHGLK,0.92,1.17,1.02,0.9,"[330502.7, 419892.9, 365768.8, 323580.9]",1439745.3000000003
VVVPGVK,0.97,1.02,1.08,0.93,"[119857.5, 125563.4, 133216.0, 114737.1]",493374.0
EIANLPEVK,1.1,0.8,1.11,0.99,"[72993.2, 52673.2, 73022.4, 65555.7]",264244.5
GRNVLIEQPFGPPK,1.11,0.98,1.04,0.87,"[214478.6, 190899.8, 201705.7, 168762.1]",775846.2000000001
YAIDMTEQARQGK,1.1,1.13,0.9,0.87,"[283558.2, 292020.3, 233142.0, 223417.2]",1032137.7
YDVVIDQK,0.76,1.47,0.64,1.13,"[40868.3, 79609.4, 34662.1, 60804.2]",215944.0
YAWVLDK,1.0,1.0,1.09,0.91,"[694967.1, 688819.0, 755468.7, 629276.4]",2768531.1999999997
THSYRGVDLEK,1.26,1.35,0.92,0.47,"[417091.8, 445402.0, 304502.7, 154196.8]",1321193.3
LHFDTAEPVK,0.94,0.98,1.09,0.98,"[135399.6, 141948.0, 158085.5, 142114.4]",577547.5
MAGESESNLRK,1.13,1.11,0.92,0.83,"[212020.0, 208500.3, 173011.4, 155873.2]",749404.8999999999
RLHGVSFK,1.0,1.11,0.98,0.92,"[578201.5, 640236.6, 565060.1, 530719.9]",2314218.1
SETELFARHK,1.03,1.04,1.09,0.84,"[65049.0, 65685.5, 68472.0, 53170.1]",252376.6
YQANPRK,1.06,1.05,0.89,1.0,"[316799.7, 315574.7, 267701.8, 300862.1]",1200938.2999999998
GPVRGISFK,1.85,1.01,0.59,0.54,"[594285.9, 325130.6, 190031.9, 173484.0]",1282932.4
VVVFEDAPAGIAAGK,0.98,1.04,0.97,1.01,"[668282.7, 714038.0, 667592.9, 690990.7]",2740904.3
HGAVHLSTYLK,1.05,1.09,0.84,1.02,"[225505.3, 232306.3, 180303.8, 217297.1]",855412.4999999999
QDHDEFLK,0.93,1.23,0.87,0.97,"[48708.6, 64294.3, 45236.9, 50537.2]",208777.0
AQGVAVQLK,1.02,1.02,1.05,0.92,"[195417.1, 195805.4, 201493.6, 176789.5]",769505.6
HLEDNTLLVTGPFK,1.05,0.97,0.96,1.02,"[330086.5, 304416.5, 303564.3, 320370.9]",1258438.2000000002
EATYDQIK,0.94,1.57,0.73,0.76,"[101558.7, 170031.1, 79562.1, 82988.2]",434140.10000000003
HGYIGEFEYIDDHRSGK,1.33,0.97,0.9,0.8,"[65156.8, 47490.9, 44212.2, 39400.9]",196260.80000000002
RALVEHIIQAK,0.9,0.89,0.85,1.36,"[278151.7, 275905.0, 264437.8, 423281.7]",1241776.2
QFVVDVLHPNRANVSK,1.06,0.93,0.83,1.18,"[206631.4, 180293.9, 160580.1, 228720.5]",776225.9
ELADFHK,0.9,0.99,0.9,1.2,"[224104.4, 246514.8, 222951.9, 297970.4]",991541.5
GVLGYTEDAVVSSDFLGDSHSSIFDASAGIQLSPK,0.66,0.83,1.2,1.31,"[110234.4, 138150.2, 200107.5, 218164.4]",666656.5
IIVFPRDGK,0.84,1.02,1.11,1.03,"[167710.9, 204607.7, 221506.9, 205490.6]",799316.1
HALHGTAK,0.91,1.05,0.84,1.19,"[361399.3, 416535.8, 332489.9, 471363.9]",1581788.9
AILMQRHVK,1.08,1.02,1.0,0.91,"[626687.9, 592057.2, 580911.6, 526733.8]",2326390.5
GLVAYHQK,1.13,1.01,0.93,0.93,"[449838.0, 401180.6, 367817.0, 367045.8]",1585881.4000000001
DLETLTMHTK,1.29,1.14,0.65,0.91,"[140157.8, 123590.9, 70894.7, 99057.3]",433700.69999999995
IAVHVTVRGPK,0.91,0.9,1.09,1.1,"[157266.9, 154740.6, 187046.2, 189953.1]",689006.8
APGFGDNRK,1.05,1.03,0.97,0.95,"[359480.8, 353426.2, 330547.4, 326682.0]",1370136.4
NAPAIIFIDEIDSIAPK,0.96,1.0,1.13,0.91,"[118437.5, 122485.3, 138331.9, 111925.5]",491180.19999999995
MQAFIRK,1.1,1.16,1.02,0.72,"[241208.3, 253077.7, 221928.6, 158172.7]",874387.3
DRLYCGK,1.36,1.38,0.74,0.52,"[81384.5, 82643.7, 44321.5, 31158.0]",239507.7
DLVNIEPIRK,0.97,1.13,0.99,0.9,"[113387.6, 131543.1, 115682.4, 105135.3]",465748.39999999997
DIFPLQNIHVRK,0.94,0.93,1.11,1.02,"[337382.4, 332085.8, 397609.2, 365475.0]",1432552.4
ILTPESQLK,0.98,0.98,0.87,1.17,"[172831.7, 173046.6, 153098.0, 206496.2]",705472.5
LFEQLYK,0.96,1.0,0.94,1.09,"[76310.5, 79466.3, 74903.5, 86586.3]",317266.6
YFEVILVDPQHK,1.02,0.98,0.98,1.02,"[464542.7, 448196.8, 444400.2, 464930.6]",1822070.2999999998
LIIIAANTPVLRK,1.21,1.12,0.84,0.82,"[764851.3, 703820.3, 530503.7, 519136.6]",2518311.9
GITEEVAK,0.95,1.02,0.87,1.16,"[58272.6, 62424.7, 53653.3, 71176.6]",245527.19999999998
VRSAEYYAK,1.2,1.07,0.93,0.8,"[152910.5, 136311.2, 118290.8, 102465.7]",509978.2
TELDGILPLVARGK,1.01,1.07,0.87,1.06,"[124658.1, 132041.8, 107311.2, 130535.2]",494546.3
GVETLAEAVAATLGPK,0.96,1.03,1.02,1.0,"[237150.1, 254083.9, 251817.6, 248133.0]",991184.6
EAAAIAEGK,0.89,0.91,1.03,1.16,"[210186.1, 213683.1, 243261.0, 273120.7]",940250.8999999999
LARAPIEIPLEK,1.15,1.2,0.86,0.8,"[122269.0, 127430.9, 90891.0, 84576.6]",425167.5
TERVEDQK,0.87,1.14,1.16,0.84,"[343773.7, 447907.3, 455665.7, 329535.3]",1576882.0
NRYLGETGK,1.22,0.99,0.64,1.14,"[87520.8, 71384.8, 46120.3, 82040.9]",287066.80000000005
EDLRFGVK,0.96,0.98,1.11,0.95,"[143035.0, 146156.1, 165085.9, 141996.0]",596273.0
ASLPHPK,1.03,0.97,1.02,0.97,"[1093577.5, 1033771.4, 1085795.5, 1031437.8]",4244582.2
HEELLSK,1.09,1.05,0.85,1.01,"[131980.1, 128127.6, 102764.6, 123188.4]",486060.70000000007
YDLEAWFPYQK,1.07,0.81,1.1,1.02,"[26790.9, 20226.0, 27451.3, 25453.9]",99922.1
HVEITDDEIAK,0.99,1.04,0.87,1.09,"[135536.1, 142216.3, 119608.9, 149623.1]",546984.4
AEEWLYDEGFDSIK,1.22,1.18,1.07,0.53,"[29787.6, 28955.6, 26041.8, 12979.0]",97764.0
RQAYAVSEK,1.07,1.1,0.86,0.96,"[109479.6, 112486.1, 87934.2, 97860.6]",407760.5
NQAAMNPANTVFDAK,1.16,0.94,1.16,0.74,"[45852.3, 36993.2, 45929.4, 29091.5]",157866.4
FVHPRPK,1.06,0.86,1.07,1.0,"[118565.8, 95895.3, 119165.0, 111826.1]",445452.19999999995
IGDIIQFERK,1.12,0.91,1.0,0.97,"[49214.6, 40085.5, 44103.9, 42561.1]",175965.1
IDIRENPK,0.97,1.05,0.94,1.04,"[518069.6, 559441.9, 504189.0, 553873.9]",2135574.4
TGVVYNVTK,0.94,1.0,1.26,0.79,"[224498.0, 239137.2, 300335.8, 189091.2]",953062.2
ETHDSWK,0.92,1.5,0.81,0.77,"[128075.0, 209068.4, 112760.9, 107704.9]",557609.2000000001
IMYVDYK,0.92,1.57,0.81,0.69,"[271450.4, 461784.7, 237851.5, 202994.7]",1174081.3
RIATAIEK,1.04,0.99,1.02,0.95,"[811987.2, 774315.5, 792314.5, 739137.5]",3117754.7
VVGLSTLPEIYEK,0.98,1.0,1.11,0.91,"[2626965.9, 2676631.6, 2985840.0, 2454890.4]",10744327.9
NLHPDIDNK,0.79,1.1,1.06,1.05,"[56852.6, 79004.2, 75697.8, 75195.7]",286750.3
ITSSQVREHVK,0.94,1.13,1.05,0.88,"[528617.6, 631235.1, 589463.9, 491921.7]",2241238.3000000003
ELEDQHHVVVK,1.1,1.33,0.7,0.87,"[23390.6, 28448.5, 14959.8, 18445.8]",85244.7
TGVIVGEDVHNLFTYAK,1.06,1.1,1.01,0.83,"[600841.7, 625834.1, 575784.6, 475117.2]",2277577.6
ELQSLLGK,1.01,0.96,0.9,1.14,"[1265269.4, 1201493.3, 1125194.5, 1433697.8]",5025655.0
ALLDEVVK,0.75,1.13,0.76,1.36,"[2156040.8, 3218277.4, 2174141.4, 3887528.4]",11435988.0
AIIVLSTSGTTPRLVSK,0.86,0.87,0.97,1.29,"[178582.4, 180223.0, 199928.8, 267269.9]",826004.1
QGVLLPTRIK,1.07,1.04,0.99,0.91,"[380425.7, 369571.7, 352178.8, 324711.1]",1426887.2999999998
AFHVTPDK,1.07,1.05,0.9,0.99,"[92485.2, 90640.7, 77682.8, 85298.1]",346106.80000000005
YHPDELAK,1.08,0.92,1.03,0.97,"[93324.1, 79244.2, 89323.2, 84084.5]",345976.0
HNRIYLK,1.26,1.15,0.98,0.61,"[371311.7, 339976.5, 290476.2, 180163.7]",1181928.0999999999
LNQLLRIEEELGDK,0.93,1.1,0.96,1.01,"[455888.6, 538353.9, 467492.7, 493346.8]",1955082.0
VHFDQAGK,1.04,1.21,0.94,0.81,"[239231.9, 279302.2, 218170.6, 186974.9]",923679.6
LPQELRDK,0.99,1.05,1.02,0.94,"[442645.1, 471050.0, 456801.2, 419451.5]",1789947.8
GAPLFVLK,0.96,1.06,0.99,0.99,"[103762.1, 114138.5, 106357.8, 107026.7]",431285.10000000003
AITRPAK,0.97,1.13,0.97,0.93,"[263888.1, 305191.7, 263274.3, 251890.5]",1084244.6
VRDQITSLK,1.12,1.1,0.97,0.81,"[128526.2, 125779.1, 110818.6, 93236.4]",458360.30000000005
TGAEVRFAGEK,0.99,1.15,0.91,0.94,"[105739.2, 122451.9, 96818.1, 100408.0]",425417.19999999995
AAIEDGWVPGK,1.05,1.05,0.89,1.0,"[53001.9, 52863.9, 44858.8, 50433.4]",201158.0
RLVTQHK,1.3,0.95,0.76,0.99,"[1315744.7, 963761.5, 767889.6, 1006026.3]",4053422.1000000006
SSPFGGSSHAK,1.53,1.33,0.46,0.68,"[234455.6, 203714.4, 70304.8, 104907.6]",613382.4
YLIDHIK,0.85,1.06,0.82,1.28,"[423186.5, 529251.7, 407258.0, 638597.8]",1998294.0
RATDVMLAGK,0.93,1.06,0.92,1.09,"[127020.7, 145485.7, 126022.9, 148858.6]",547387.9
AISEGLVSRK,1.0,1.2,0.99,0.81,"[114721.0, 138011.5, 113300.1, 93240.7]",459273.3
IIAPPERK,1.05,1.07,0.98,0.91,"[1640728.9, 1672994.6, 1531907.3, 1432231.7]",6277862.5
PGMVVTFAPAGVTTEVK,1.11,1.05,0.95,0.89,"[1131498.4, 1078183.9, 974502.1, 910513.4]",4094697.8
RLAASVVGVGK,0.97,1.09,1.0,0.94,"[323216.2, 362018.0, 332419.0, 313547.2]",1331200.4
DILDEFRK,0.92,0.98,0.97,1.12,"[69218.1, 73707.3, 72754.4, 83984.9]",299664.7
GWDVGIPK,0.98,1.0,1.01,1.01,"[202605.6, 207602.8, 208468.4, 208018.8]",826695.6000000001
AAAEGPMK,0.89,0.86,0.84,1.42,"[149193.8, 142926.6, 139838.8, 236625.0]",668584.2
GGNAPRPVK,1.1,1.07,0.95,0.87,"[262227.6, 256391.7, 227381.6, 208152.9]",954153.8
DYASVVPPRHNEK,1.09,1.04,1.0,0.86,"[119394.7, 113156.2, 109347.6, 94334.8]",436233.3
SATAVAHVK,1.15,0.99,1.0,0.86,"[134201.7, 116030.4, 116659.5, 100428.2]",467319.8
WTVHEAK,0.97,0.96,1.14,0.93,"[90903.0, 90202.9, 107095.2, 87174.8]",375375.89999999997
VLENTEIGDSIFDK,1.02,1.06,1.01,0.92,"[2361097.8, 2449194.6, 2332590.6, 2130691.7]",9273574.7
IPLDQMERSK,1.04,1.02,0.86,1.07,"[153740.5, 150203.4, 127473.1, 158081.0]",589498.0
VISEILTK,0.73,0.78,0.85,1.64,"[45885.9, 49139.8, 53621.5, 103093.2]",251740.40000000002
GVLHAVK,1.09,0.82,0.77,1.31,"[2909238.1, 2204081.7, 2073020.1, 3517611.0]",10703950.9
EHTDGHIPASK,1.08,1.41,0.57,0.93,"[30738.7, 40169.9, 16165.4, 26546.7]",113620.7
TVEEDHPIPEDVHENYENK,0.96,1.15,0.87,1.01,"[54250.7, 64830.1, 49262.7, 57018.7]",225362.2
GQQEAARAGELLK,1.25,1.09,0.96,0.7,"[199370.8, 173997.1, 154229.8, 112220.5]",639818.2
ARIVVAK,1.09,0.99,1.01,0.91,"[589841.5, 533720.4, 542195.7, 491933.0]",2157690.5999999996
CCSDVFNQVVK,1.47,1.64,0.89,0.0,"[54030.9, 60271.6, 32632.3, 0.0]",146934.8
VLEQLSGQTPVQSK,0.75,0.92,1.18,1.15,"[102502.1, 125506.9, 161232.0, 157947.1]",547188.1
TGNDPSHIAK,1.0,1.17,0.86,0.97,"[195571.7, 228290.5, 167606.6, 190515.6]",781984.4
IRIYDLGK,1.06,1.05,0.96,0.93,"[174021.3, 172400.8, 157748.7, 152404.8]",656575.6
IGIVEISPK,1.02,1.01,1.02,0.94,"[431752.2, 427656.0, 432206.9, 396802.9]",1688418.0
DSAVATRK,1.01,1.03,0.98,0.97,"[167953.2, 170946.9, 162778.2, 161447.0]",663125.3
LIGNFTLAGIPPAPK,0.91,1.16,1.13,0.8,"[70251.4, 89641.3, 87190.5, 62213.5]",309296.7
TRAQLTLK,1.06,1.03,0.94,0.97,"[347695.7, 338113.5, 310758.3, 320912.8]",1317480.3
ISSVYRLK,1.09,1.09,0.97,0.85,"[546672.1, 547233.7, 484594.3, 426151.9]",2004652.0
SMIEYLEATGRGK,1.44,1.01,0.99,0.56,"[214294.0, 150265.1, 148309.5, 84118.8]",596987.4
ADAQREK,0.9,1.02,1.05,1.02,"[65135.6, 73836.9, 76100.5, 74004.4]",289077.4
GQLVELYVPRK,1.01,0.99,1.07,0.93,"[252764.3, 246391.6, 265930.3, 231092.0]",996178.2
NLAGVDYLTISPALLDK,1.01,0.8,1.21,0.97,"[52084.9, 41464.2, 62628.5, 50021.9]",206199.5
AVTVHSK,1.01,1.05,0.96,0.99,"[448431.3, 463049.3, 423183.2, 436175.1]",1770838.9
NQWFFSK,1.13,1.0,0.98,0.89,"[39777.6, 35471.4, 34661.1, 31459.4]",141369.5
ARLGTLVNQK,0.86,1.04,1.3,0.79,"[329284.7, 397333.8, 497013.1, 300376.4]",1524008.0
IRVMWGK,1.0,0.88,1.0,1.12,"[54322.3, 48240.1, 54826.0, 60990.6]",218379.0
VVFRDPYK,1.12,1.04,0.98,0.86,"[188291.5, 174580.4, 165769.1, 145490.8]",674131.8
ETSNFIK,0.96,0.94,1.3,0.8,"[507697.6, 492578.7, 684254.8, 420582.8]",2105113.9
RHSEFVAYPIQLLVTK,0.93,0.95,2.12,0.0,"[2672.1, 2708.6, 6067.3, 0.0]",11448.0
ALLAEIK,0.82,0.85,0.84,1.48,"[141340.0, 147168.3, 145616.8, 256193.5]",690318.6
QAATPEFK,0.9,1.0,1.24,0.86,"[66960.8, 74546.9, 92247.7, 63764.9]",297520.30000000005
RVNNPNVSLIK,1.18,1.2,0.91,0.71,"[198662.6, 201464.6, 152868.1, 119943.2]",672938.5
ANLRTQK,1.0,0.99,1.17,0.84,"[98500.6, 97150.3, 114616.3, 82325.1]",392592.30000000005
RLLGTAFK,1.04,0.98,0.94,1.03,"[248790.2, 233320.6, 225020.7, 246234.8]",953366.3
HPLEALGK,0.93,1.15,0.93,0.99,"[197585.4, 243891.4, 197461.9, 209657.4]",848596.1
IRYQALSDPK,1.07,1.06,0.95,0.92,"[518535.5, 511934.9, 460562.1, 446994.7]",1938027.2
AGAEIVPK,1.04,1.02,1.02,0.92,"[925845.1, 913612.8, 911414.3, 821292.5]",3572164.7
AVGAHSDLLK,1.11,1.1,0.94,0.86,"[280936.5, 278169.5, 238134.8, 217493.4]",1014734.2000000001
HFISELEK,1.03,1.01,0.79,1.17,"[49271.3, 48090.5, 37762.4, 56035.6]",191159.80000000002
EDHILDVK,0.86,1.03,0.96,1.14,"[112004.4, 133593.1, 125358.3, 148693.4]",519649.19999999995
GCEVVVSGK,1.31,1.18,0.91,0.59,"[52083.6, 46645.0, 36219.4, 23542.3]",158490.3
HLADLSK,0.86,1.06,0.89,1.19,"[4039950.0, 4967756.7, 4206440.5, 5618812.7]",18832959.9
QRQALGEQLYK,1.7,0.97,0.86,0.47,"[116863.2, 66695.4, 59216.2, 32317.5]",275092.3
LDDAARAK,0.9,1.04,1.0,1.05,"[301216.3, 347903.0, 334431.3, 351006.0]",1334556.6
VTDVRSTIK,1.11,1.07,0.97,0.85,"[172031.1, 166414.2, 150711.1, 131937.1]",621093.5
ALAELRK,0.9,1.07,1.05,0.98,"[113615.8, 134339.4, 132988.9, 123424.5]",504368.6
SVTAVHK,0.88,0.91,1.02,1.18,"[71670.1, 74193.6, 82734.4, 95843.3]",324441.4
GNFTEFVK,0.95,0.95,1.34,0.76,"[32228.9, 32290.9, 45439.5, 25757.5]",135716.8
GHELPVK,0.94,1.05,0.99,1.01,"[64332.2, 71678.1, 67605.5, 68728.2]",272344.0
YQDVLIFK,1.0,1.51,0.93,0.55,"[10755.9, 16209.4, 9968.8, 5877.7]",42811.799999999996
EGERLVGIPAK,1.05,1.0,1.01,0.94,"[249509.0, 238301.7, 238374.6, 222286.1]",948471.4
NLFTGWVDVK,0.96,1.2,0.92,0.91,"[282522.0, 353128.3, 270811.7, 267076.4]",1173538.4
GDASPIVK,0.88,1.14,0.96,1.02,"[13302.0, 17288.6, 14457.6, 15405.8]",60454.0
GAASNRTK,1.26,1.22,0.87,0.65,"[66197.0, 63992.0, 45767.2, 34319.5]",210275.7
PHPEPYLK,0.92,0.97,1.03,1.08,"[49228.4, 52116.3, 55285.8, 58112.3]",214742.8
AADEAFAK,0.86,1.39,1.0,0.76,"[26842.1, 43432.7, 31234.4, 23652.5]",125161.69999999998
LVWIETPTNPTLK,0.93,0.98,1.08,1.01,"[86770.7, 91564.8, 100104.6, 93918.7]",372358.8
FTEVHTPK,0.98,1.03,1.07,0.92,"[112026.8, 118062.8, 122208.2, 105805.6]",458103.4
LPHDMRTTK,0.62,0.64,1.31,1.43,"[296925.8, 307576.5, 630154.9, 687589.9]",1922247.1
LFAATVAK,0.98,1.16,0.89,0.98,"[182503.9, 215452.0, 165928.8, 182118.6]",746003.2999999999
DNNLLGK,0.89,1.16,1.25,0.71,"[63621.7, 82972.9, 89168.3, 50515.9]",286278.8
YEAPRHGHLGFLPRK,1.39,1.32,0.65,0.63,"[18936.8, 17921.3, 8853.6, 8610.0]",54321.7
TGPFEVGVHVLPK,1.05,0.98,1.01,0.96,"[386834.0, 361142.9, 370604.2, 353262.3]",1471843.4000000001
FGVPVRSFK,1.1,1.05,0.99,0.86,"[422036.3, 402584.9, 379032.3, 327334.6]",1530988.1
GQPLSHLK,0.97,1.09,0.85,1.08,"[67811.2, 76168.4, 59202.9, 75473.8]",278656.3
IEGVATPQEAQFYLGK,1.09,0.8,0.9,1.2,"[40128.2, 29381.3, 33167.9, 43938.7]",146616.09999999998
FDGILGLGYDTISVDK,0.99,1.05,1.16,0.8,"[28062.7, 29692.7, 32875.6, 22576.3]",113207.3
SVDELITEGNEK,0.85,0.98,0.83,1.35,"[217947.7, 251525.8, 212802.6, 347888.8]",1030164.8999999999
IIEARHVK,1.02,0.99,1.02,0.97,"[74910.1, 72663.1, 74496.1, 71015.9]",293085.2
TQLEDRSLLVHK,0.96,1.12,1.02,0.9,"[215948.1, 251142.1, 228627.9, 202063.8]",897781.8999999999
RGDVTRAK,1.26,0.93,0.95,0.86,"[89889.6, 66107.9, 67824.4, 61491.8]",285313.7
VNNQLIK,0.78,1.0,1.84,0.38,"[39041.1, 50213.0, 92057.7, 19273.2]",200585.0
LDYVLALK,0.77,1.32,0.85,1.06,"[73795.2, 125914.9, 80784.7, 100644.6]",381139.4
LVEDPQVIAPFLGK,0.97,1.0,1.0,1.03,"[310895.2, 320937.1, 319276.2, 330271.6]",1281380.1
ETTATATANIPIPPPPPPMGQPK,1.19,1.05,0.86,0.91,"[90748.7, 80329.4, 65364.6, 69247.9]",305690.6
DREIHIK,1.08,1.07,0.9,0.95,"[322870.2, 321299.6, 270048.3, 286374.8]",1200592.9000000001
DELERVAK,0.94,1.07,1.0,0.99,"[170785.3, 194466.9, 182396.0, 180535.2]",728183.3999999999
ITDEIAHLK,0.83,1.48,1.04,0.65,"[56490.3, 100864.1, 71242.1, 44703.1]",273299.60000000003
QLAGVEARK,1.0,1.01,1.07,0.92,"[113860.5, 115828.1, 122315.5, 105012.8]",457016.89999999997
LAVLSYYK,0.92,0.97,0.87,1.23,"[98469.1, 103842.4, 93607.3, 132029.6]",427948.4
LTRELEK,1.01,1.02,0.97,1.01,"[340184.0, 344113.9, 326280.7, 340718.2]",1351296.8
QPHIFNNPK,0.65,0.94,1.14,1.28,"[52890.7, 76523.2, 93169.5, 104461.6]",327045.0
TERENGFSMFK,1.23,1.12,0.83,0.82,"[47069.5, 43110.0, 31816.4, 31662.6]",153658.5
LSSAELRK,1.03,1.03,0.96,0.98,"[502325.9, 505641.9, 468707.2, 479080.2]",1955755.2
DEQERGITIK,1.57,0.98,0.76,0.7,"[433064.4, 270069.7, 210879.6, 192587.8]",1106601.5
TFPNIHK,0.98,1.3,1.02,0.71,"[18630.8, 24611.4, 19330.1, 13438.9]",76011.2
FELGRQPANTK,1.16,1.03,1.15,0.66,"[171769.1, 153537.9, 170581.4, 97793.6]",593682.0
HFPDYELFK,1.79,1.03,1.19,0.0,"[6517.0, 3753.7, 4326.9, 0.0]",14597.6
EGLHGTLGEPTK,1.12,0.97,1.16,0.75,"[76042.2, 65578.0, 78146.9, 50670.5]",270437.6
HFELGGEK,0.83,0.84,1.27,1.05,"[584345.1, 586697.2, 891441.5, 738442.0]",2800925.8
TSVHYLEK,1.18,1.42,0.46,0.93,"[20496.6, 24754.4, 8041.9, 16210.5]",69503.4
EQYAAESK,1.07,0.88,1.11,0.94,"[38572.8, 32012.9, 40242.0, 33880.4]",144708.1
HAFMGTLK,1.09,0.95,0.93,1.03,"[435046.6, 377085.5, 370649.1, 408132.6]",1590913.7999999998
SLRFLHK,1.09,1.13,0.94,0.83,"[223789.0, 232259.7, 192579.1, 170905.5]",819533.3
RTVDPVK,1.06,1.06,0.96,0.93,"[273829.1, 273932.3, 248423.7, 240790.0]",1036975.0999999999
HVPAPRNEK,1.13,1.1,0.88,0.89,"[240493.8, 232813.7, 185650.0, 189116.7]",848074.2
GSNLQQIREK,0.84,1.25,1.12,0.79,"[28315.2, 42047.7, 37619.9, 26766.2]",134749.0
ELYEVDVLK,0.78,1.08,0.99,1.15,"[47638.4, 65959.7, 60113.3, 69773.6]",243485.00000000003
TIAETLAEELINAAK,1.02,0.93,1.09,0.96,"[188240.3, 170744.9, 200658.3, 176984.1]",736627.6
GPVRLPTK,1.17,1.02,1.01,0.8,"[93983.1, 81582.9, 80855.5, 64026.5]",320448.0
ELRAQYGIK,0.96,1.06,0.95,1.03,"[111485.1, 123201.4, 109960.5, 119294.4]",463941.4
VFEGIPPPYDK,0.99,1.08,1.0,0.92,"[78247.6, 85350.2, 78719.8, 72816.7]",315134.3
LQERLAK,0.97,1.06,0.94,1.03,"[211087.9, 229916.4, 204999.0, 224152.3]",870155.6000000001
TRTLENTLK,1.11,1.12,1.06,0.71,"[251491.1, 255440.2, 241343.7, 162094.5]",910369.5
RLDHIYYK,1.28,0.61,0.97,1.14,"[28584.9, 13597.1, 21803.4, 25616.4]",89601.8
WIDLPISK,1.04,0.37,1.07,1.52,"[7721.8, 2738.6, 7938.4, 11317.7]",29716.5
EHIDEFK,0.88,1.18,0.77,1.17,"[74794.5, 100495.8, 65682.0, 99332.2]",340304.5
HWGGGILGNK,0.99,0.86,1.18,0.97,"[255926.5, 221482.5, 306465.2, 250672.2]",1034546.3999999999
AGEARFTDTRK,0.78,0.66,1.33,1.23,"[583593.9, 493927.4, 991106.0, 916676.7]",2985304.0
DETVAPRFK,1.02,0.97,1.01,0.99,"[466631.6, 444005.5, 460593.5, 451280.5]",1822511.1
ARAAAPTVVFLDELDSIAK,0.59,1.11,1.33,0.98,"[5200.6, 9843.8, 11798.6, 8677.0]",35520.0
LSTNPGFHLFEK,0.87,1.19,1.07,0.87,"[57712.3, 78919.6, 70696.2, 57870.9]",265199.00000000006
SHFRNEK,1.03,0.86,1.27,0.84,"[55183.7, 46116.5, 68329.1, 45335.5]",214964.8
IMRDPAK,0.85,0.98,0.93,1.24,"[264254.8, 305864.4, 290059.6, 387501.3]",1247680.0999999999
HFIQGGSFGNREEFINK,0.96,1.15,0.94,0.96,"[92018.8, 110328.1, 90377.8, 91837.3]",384562.0
ILEDLVFPTEIVGK,0.92,0.93,1.09,1.06,"[202254.0, 203264.1, 237319.8, 231826.1]",874663.9999999999
QSLDVSSDRRK,0.52,0.4,1.85,1.24,"[223936.3, 171205.4, 798901.8, 536495.1]",1730538.6
IYESQGK,1.12,0.9,1.02,0.97,"[20447.8, 16471.2, 18594.5, 17665.2]",73178.7
DLDVILVAPK,1.04,0.92,0.73,1.31,"[16194.9, 14421.6, 11389.4, 20474.2]",62480.100000000006
DDQLEYLEEK,0.89,0.93,0.63,1.55,"[94736.6, 99313.6, 66727.7, 164202.0]",424979.9
LGVHEDTQNRAALAK,0.64,0.96,1.23,1.17,"[27845.6, 41442.7, 53397.6, 50559.7]",173245.59999999998
ANELLINVK,0.77,0.7,1.19,1.35,"[1152052.3, 1046979.2, 1777042.8, 2016689.0]",5992763.3
NQLESIAYSLK,1.15,1.11,0.97,0.77,"[509974.4, 493207.7, 429250.2, 343490.2]",1775922.5
FLQVMQK,0.87,0.8,0.68,1.65,"[106335.6, 98219.5, 83266.3, 202294.0]",490115.4
HRGHVSAGK,1.41,1.11,0.63,0.85,"[119825.5, 94638.9, 53540.7, 72141.6]",340146.69999999995
IGPLGLSPK,1.04,0.99,0.98,1.0,"[303382.3, 289057.3, 286712.9, 291107.8]",1170260.3
SEVFSHVVK,1.03,1.18,0.96,0.83,"[46269.9, 52885.2, 43070.9, 37350.4]",179576.4
TAGHECVK,2.47,1.22,0.0,0.31,"[24391.5, 12062.7, 0.0, 3033.6]",39487.799999999996
SPIAEIIRK,1.12,1.05,1.12,0.72,"[54581.0, 50972.5, 54458.4, 34911.0]",194922.9
DQVDLRK,1.24,0.86,0.92,0.98,"[40305.1, 27847.9, 30048.4, 31911.7]",130113.09999999999
ADVPPPSADPSK,1.04,1.09,0.96,0.9,"[187896.2, 197540.3, 173704.3, 163373.9]",722514.7000000001
LYVGRAQK,1.03,0.96,1.06,0.95,"[217803.7, 202217.6, 225064.5, 201231.5]",846317.3
AELINNLGTIAK,1.02,0.84,1.28,0.87,"[99834.4, 81930.1, 125210.8, 84842.5]",391817.8
NEGATLITGGERLGSK,1.16,1.06,0.91,0.86,"[164068.1, 149809.6, 128784.8, 121170.3]",563832.8
ARELIGK,1.06,1.03,0.96,0.95,"[220498.0, 215331.3, 198972.5, 197666.2]",832468.0
ERHDGGFDLVHIK,0.83,1.64,0.98,0.55,"[75082.4, 149445.5, 89158.4, 50184.2]",363870.5
AHEVRIK,0.86,0.93,1.06,1.15,"[119710.9, 129693.4, 148910.6, 161056.3]",559371.2
LGVDIIRK,1.01,1.07,0.96,0.96,"[291427.0, 307242.7, 274679.5, 276864.8]",1150214.0
RHAEHIK,1.9,1.2,0.41,0.49,"[133933.7, 84608.2, 28683.6, 34202.8]",281428.30000000005
ESQEFPEPIFTPSTK,0.74,1.19,1.35,0.72,"[14929.4, 24067.6, 27357.1, 14595.4]",80949.5
ETIARVTGGMK,1.08,0.74,1.2,0.97,"[169402.8, 116300.4, 187704.3, 151221.9]",624629.3999999999
QLSDALHSHK,1.67,1.2,0.41,0.72,"[38662.2, 27859.6, 9463.8, 16625.8]",92611.4
EIHEESK,0.91,0.89,0.84,1.37,"[23223.2, 22652.7, 21391.0, 34876.3]",102143.2
LHRISPK,0.95,0.93,0.99,1.13,"[68723.1, 67677.9, 71785.0, 81726.2]",289912.2
FAEQYSDAAFYK,0.93,1.17,0.93,0.96,"[96478.7, 121105.7, 96593.8, 99127.8]",413306.0
AIAVMTSGGDAPGMNSNVRAIVRSAIFK,0.65,0.74,0.76,1.85,"[21119.8, 23871.8, 24748.5, 60119.8]",129859.90000000001
HDVTDFDSK,0.83,1.65,0.75,0.77,"[56389.6, 112200.0, 50987.0, 52086.9]",271663.5
AELRPLQFK,0.92,1.02,1.0,1.06,"[70512.9, 77949.9, 76904.8, 81452.6]",306820.19999999995
GRYDYDLFK,2.01,0.89,0.35,0.75,"[16939.6, 7499.9, 2958.7, 6295.1]",33693.3
AERDEIK,1.15,0.95,0.99,0.91,"[666633.2, 551008.8, 571251.2, 530418.2]",2319311.4
TVFAQVPK,1.01,1.14,0.91,0.94,"[33614.1, 37826.2, 30033.8, 31188.3]",132662.4
TFEISPK,0.95,1.1,1.01,0.94,"[141513.7, 164196.3, 151687.8, 141403.0]",598800.8
GHSGDLTHLK,1.31,0.95,0.95,0.79,"[35201.9, 25487.8, 25613.8, 21271.1]",107574.6
VDRALLELQVSK,0.9,0.94,1.22,0.93,"[115670.4, 121547.8, 157765.8, 120485.2]",515469.2
RVDEGGAQDK,0.93,1.1,1.13,0.84,"[247957.4, 290694.4, 299303.4, 222901.0]",1060856.2000000002
ILFDYSK,0.51,1.2,0.7,1.59,"[55443.2, 130533.9, 75685.1, 172571.3]",434233.5
LDLINHEK,0.92,1.15,0.98,0.95,"[51259.1, 64154.9, 54765.1, 53224.5]",223403.6
GTIAGTRK,0.98,1.03,0.95,1.03,"[79933.4, 84371.4, 77821.3, 84131.9]",326258.0
RLSHQVGEASRLEK,1.35,1.24,0.93,0.48,"[97649.0, 89924.4, 67598.1, 34943.4]",290114.9
RVGEAEIAK,1.13,1.08,0.87,0.92,"[105578.3, 101114.8, 81269.1, 86406.2]",374368.4
REAELFGK,1.05,0.87,0.94,1.14,"[62468.8, 51539.0, 56078.9, 67905.3]",237992.0
TRSHNWAAK,1.04,0.66,0.97,1.34,"[32517.5, 20548.9, 30265.2, 41990.1]",125321.70000000001
LMDAHLK,1.08,1.61,0.68,0.63,"[10660.2, 15879.5, 6772.9, 6238.3]",39550.9
NQAAMNPSNTVFDAK,1.02,1.14,1.07,0.77,"[124133.4, 139655.4, 130768.1, 93753.2]",488310.10000000003
LLRYNSTK,1.73,1.13,0.92,0.23,"[43955.7, 28672.5, 23345.5, 5938.3]",101912.0
VSSVLSALEGK,0.75,1.02,0.72,1.5,"[34104.1, 46100.4, 32786.3, 67960.7]",180951.5
VVDPETTLFLIASK,1.14,1.22,0.81,0.84,"[117955.5, 126195.7, 84419.1, 86692.9]",415263.20000000007
SIREIDVAGGK,1.03,1.07,0.88,1.02,"[297702.2, 308663.9, 254290.2, 295244.7]",1155901.0
VDIFEIPETGEYSVK,1.39,1.21,0.83,0.57,"[39664.9, 34414.5, 23680.5, 16086.0]",113845.9
NFTPEQISSMVLGK,1.03,1.09,0.85,1.03,"[433426.7, 458451.1, 360081.5, 434556.3]",1686515.6
YHEIWAAYK,0.9,1.13,0.99,0.98,"[18724.7, 23693.3, 20653.0, 20572.3]",83643.3
LIPRNSTIPTK,1.22,1.19,0.94,0.64,"[239606.2, 234935.5, 185636.5, 126466.2]",786644.3999999999
IGLELSSQRPK,1.35,1.02,0.83,0.79,"[68959.0, 51957.1, 42367.5, 40480.0]",203763.6
DIEIVRVNK,0.92,1.05,0.92,1.11,"[58533.2, 66950.9, 58352.7, 70315.2]",254152.0
VIAIDINDPLAPK,0.93,1.1,0.92,1.05,"[172605.9, 202269.4, 169030.9, 194821.3]",738727.5
TILPEIFK,1.08,0.69,0.7,1.53,"[4268.8, 2749.9, 2765.1, 6051.2]",15835.0
HVIILQNK,0.91,1.0,0.89,1.2,"[59337.9, 64968.2, 57688.8, 78361.5]",260356.40000000002
RVITLPDYPGVDADNIK,1.03,1.11,1.07,0.79,"[35140.2, 37577.8, 36197.2, 26935.9]",135851.1
TQDLLLLDVAPLSLGIETAGGVMTK,0.92,0.66,1.57,0.84,"[13765.7, 9924.0, 23408.0, 12612.3]",59710.0
TVRFNVVK,1.15,1.06,0.99,0.79,"[167163.0, 154419.6, 144611.4, 115516.4]",581710.4
FGLSPSK,1.05,0.82,1.06,1.07,"[22918.8, 17903.9, 23162.8, 23270.2]",87255.7
EYASALETLDAARTK,1.27,1.02,0.86,0.85,"[110853.0, 89394.3, 75340.4, 74253.1]",349840.79999999993
ASAPGSVILLENLRYHIEEEGSRK,1.03,1.08,0.97,0.91,"[475096.6, 500004.9, 447988.7, 421806.2]",1844896.4
SHINVVVIGHVDSGK,0.69,0.9,1.12,1.29,"[677734.9, 890143.1, 1105376.5, 1265604.8]",3938859.3
RQAVVNPENTLFATK,1.16,0.85,1.15,0.84,"[78809.1, 57560.2, 77742.2, 56722.6]",270834.1
NRPRPSGNEGAIRDK,0.73,1.11,0.97,1.2,"[2856.0, 4326.6, 3788.5, 4689.8]",15660.900000000001
EQLASQLVDLK,0.7,0.79,1.8,0.71,"[88558.3, 100658.6, 229096.3, 90951.6]",509264.80000000005
SVEMHHEQLEQGVPGDNVGFNVK,0.89,0.67,1.4,1.04,"[123116.2, 93144.1, 194869.7, 144059.4]",555189.4
SVVSTETFEQPSQREEAK,0.78,0.74,1.11,1.37,"[45414.7, 43553.1, 65077.4, 79884.8]",233930.0
VFMLVRK,1.02,0.97,0.92,1.09,"[83071.3, 79301.7, 74880.9, 89122.6]",326376.5
SRGVRPYK,1.04,1.03,1.11,0.81,"[58343.9, 57668.3, 62363.4, 45453.6]",223829.2
EITALAPSSMK,0.89,1.03,0.98,1.1,"[127583.4, 147389.7, 141380.3, 157781.8]",574135.2
IGDILSGRLK,0.99,1.13,1.04,0.84,"[85287.0, 97109.0, 89433.7, 71968.6]",343798.30000000005
MFHVDVARK,1.02,0.97,1.23,0.78,"[58164.3, 55588.4, 70497.9, 44505.2]",228755.8
RVVDPFTRK,1.19,0.96,0.99,0.86,"[71906.4, 58480.5, 60123.1, 52070.6]",242580.6
IQLIDNLLDK,0.56,1.2,0.94,1.3,"[51970.0, 111392.7, 87438.3, 121313.6]",372114.6
YIDLSHVK,0.67,1.14,0.98,1.21,"[19489.3, 33326.7, 28560.4, 35493.4]",116869.79999999999
REGRHSGYGK,0.0,0.01,3.97,0.01,"[0.0, 2280.3, 702915.6, 2280.3]",707476.2000000001
LRDDLERLK,0.88,1.17,0.88,1.07,"[190550.8, 252599.7, 189910.7, 230039.9]",863101.1
YESSPSHIELVVTEK,1.01,1.17,0.96,0.86,"[161319.7, 188209.9, 154032.6, 137614.5]",641176.7
GTVSHDDK,0.69,1.62,1.02,0.67,"[47939.7, 113246.2, 71372.6, 47089.8]",279648.3
TIDEVHRAGGK,1.04,0.94,1.13,0.89,"[39487.8, 35785.9, 43124.2, 33727.1]",152125.0
ANNPQHSITK,1.1,1.04,1.1,0.76,"[55667.1, 52377.2, 55839.7, 38485.4]",202369.4
LYNDIVPK,1.24,1.17,0.96,0.64,"[346238.3, 325128.4, 266453.9, 177501.6]",1115322.2
HVVFGEVVDGYDIVK,1.16,0.98,1.1,0.76,"[42667.6, 35976.6, 40651.1, 28022.2]",147317.5
LYSIFNMSLGRLFQSYNRDVSALLEVNGLK,1.49,0.0,0.84,1.67,"[5077.4, 0.0, 2863.0, 5703.6]",13644.0
GISNEGQNASIK,1.11,1.12,1.2,0.56,"[150379.3, 150907.2, 162402.3, 76151.8]",539840.6
VSIEQRK,1.07,1.04,1.03,0.86,"[83227.5, 80462.8, 80397.2, 66761.7]",310849.2
EHNLRVK,0.9,0.85,1.22,1.02,"[35564.7, 33598.3, 47972.2, 40145.7]",157280.9
VLEIRDSGIGMTK,0.97,1.12,1.31,0.6,"[113262.4, 131203.3, 152722.1, 69931.4]",467119.19999999995
GFRIADTVGK,1.06,1.14,1.0,0.79,"[43306.8, 46670.0, 40797.3, 32318.7]",163092.80000000002
AAAEDTAK,0.14,0.17,3.5,0.19,"[2578.0, 3015.5, 63855.7, 3469.7]",72918.9
EETLNPIIQDTK,0.73,0.81,1.15,1.3,"[74862.8, 83475.5, 118402.8, 133872.6]",410613.69999999995
EQVEIARK,1.07,1.02,0.96,0.95,"[148306.2, 141044.5, 133546.1, 132571.6]",555468.4
GSIFHRVIK,1.06,1.24,0.84,0.86,"[70266.6, 81921.0, 55930.1, 56731.7]",264849.4
FFGFTPEGVAERAQK,0.71,1.23,0.98,1.08,"[48535.7, 84035.2, 67287.6, 73504.7]",273363.2
SAIGEGMTRK,1.14,1.02,0.86,0.99,"[202311.9, 181269.8, 152415.8, 175470.4]",711467.9
LNLTQEAK,0.53,0.88,1.66,0.92,"[11989.9, 19758.9, 37215.1, 20683.2]",89647.09999999999
FLTGHPK,1.01,0.83,1.06,1.1,"[34699.7, 28553.7, 36377.6, 37827.3]",137458.3
AQSGWRK,1.1,1.05,0.95,0.9,"[242732.9, 232168.4, 211008.9, 199038.2]",884948.3999999999
AGMTTIVRDLDRPGSK,0.29,0.3,1.87,1.54,"[55932.2, 58002.4, 364581.6, 299889.8]",778406.0
FVQGLLQNAAANAEAK,1.25,0.93,1.3,0.52,"[32570.3, 24294.2, 33995.4, 13691.7]",104551.59999999999
EYVQAAK,0.98,0.94,1.01,1.07,"[33493.2, 31930.1, 34530.8, 36499.2]",136453.3
RYLHNVK,1.49,0.73,1.36,0.42,"[9837.9, 4839.2, 9006.5, 2755.4]",26439.0
VYEPLLLVGLDK,0.91,0.89,0.93,1.26,"[130670.8, 127634.7, 132980.2, 180833.8]",572119.5
FIHDAAVK,0.77,1.14,1.01,1.08,"[47665.9, 70920.9, 62847.6, 66959.0]",248393.4
QVLLRLNPYAK,1.09,1.27,0.78,0.86,"[40240.8, 46755.2, 28883.1, 31827.8]",147706.9
LSLLCHK,0.59,0.78,1.93,0.71,"[7288.4, 9671.4, 23962.0, 8815.1]",49736.9
IDVAVDSTGVFK,0.86,1.5,1.03,0.6,"[36819.1, 64182.0, 44114.2, 25671.3]",170786.59999999998
AEEARLEGK,1.03,0.92,0.81,1.24,"[42554.6, 38161.4, 33408.8, 51131.8]",165256.6
DELTNNPACK,0.99,1.11,1.1,0.79,"[45028.6, 50306.2, 49955.5, 36028.5]",181318.8
GSLEEIIAEGQK,0.85,0.85,0.71,1.59,"[161016.5, 160748.5, 134665.7, 300824.1]",757254.8
LLMVVCDGLIK,0.45,0.0,3.12,0.43,"[9253.6, 0.0, 64875.6, 8976.8]",83106.0
IVAAEGVGSLFK,1.18,0.89,1.16,0.76,"[14162.8, 10699.2, 13938.3, 9060.0]",47860.3
VIEQPITSETAMK,0.94,0.84,0.88,1.34,"[278269.5, 250155.5, 262450.6, 396602.7]",1187478.3
GIDLTNVTLPDTPTYSK,1.07,0.97,1.02,0.93,"[73072.6, 65983.8, 69475.3, 63455.7]",271987.4
IDHTIAWAK,0.81,1.05,1.01,1.13,"[15920.5, 20790.2, 19850.4, 22383.5]",78944.6
FASDPGCAFTK,1.38,1.41,0.65,0.56,"[101201.7, 103380.8, 47542.3, 40968.5]",293093.3
VYPDVLYTSK,0.87,1.15,0.85,1.13,"[136608.4, 181128.1, 134721.8, 178069.2]",630527.5
NVNDVIAPAFVK,1.11,0.48,1.3,1.11,"[15129.7, 6562.7, 17663.8, 15174.0]",54530.2
SISNDWEDPLYVK,1.02,1.4,0.89,0.7,"[48815.0, 67177.5, 42742.0, 33574.3]",192308.8
GGNIPMIPGWVMDFPTGK,0.38,1.08,1.17,1.37,"[4313.0, 12236.3, 13328.7, 15523.7]",45401.7
LLTTIADAAK,0.72,0.99,1.2,1.09,"[52978.7, 72288.1, 87533.2, 80061.8]",292861.8
TIYNSQFVDGK,0.0,1.32,2.68,0.0,"[0.0, 55549.1, 112492.8, 0.0]",168041.9
VAPAPFGAK,0.69,1.32,1.09,0.9,"[30184.8, 57245.7, 47227.9, 39229.8]",173888.2
EDMRIVK,0.71,1.0,1.06,1.23,"[40657.4, 57796.8, 60939.5, 70960.5]",230354.2
TFLVANVK,0.61,0.94,1.39,1.05,"[17014.7, 26129.0, 38576.2, 28996.7]",110716.59999999999
VVGASVVVVK,0.69,1.0,1.63,0.68,"[16473.7, 24064.1, 38980.2, 16381.5]",95899.5
RANNIRK,1.34,1.27,0.82,0.57,"[82590.9, 77963.3, 50451.2, 34847.4]",245852.80000000002
QTHPDTGISQK,1.1,1.09,0.89,0.92,"[262115.7, 259862.3, 211383.6, 220025.8]",953387.3999999999
EYEPLTK,1.08,1.03,0.97,0.91,"[98985.3, 94604.9, 89022.5, 83096.8]",365709.5
EVRPDIK,0.89,1.03,1.03,1.04,"[94838.7, 109099.4, 109732.5, 110636.6]",424307.19999999995
GENYQLVK,0.6,1.17,1.62,0.6,"[5608.3, 10897.7, 15054.6, 5575.1]",37135.7
HSLSQAIK,0.97,0.86,1.12,1.05,"[63320.5, 56050.1, 73168.4, 68920.5]",261459.5
EHLEVTGGK,0.84,0.81,1.12,1.23,"[31285.9, 30479.9, 41710.1, 46146.9]",149622.8
YQGYAEDVRNK,1.03,1.23,0.95,0.78,"[81712.7, 97616.2, 75232.8, 62137.6]",316699.3
DGEIMLWNLAAK,0.89,0.0,1.95,1.16,"[7506.8, 0.0, 16418.9, 9746.1]",33671.8
GDAGVSGVVK,0.95,1.11,0.98,0.96,"[240262.9, 279037.6, 247427.7, 240702.9]",1007431.1
LLEMSTEDFVK,1.13,0.96,0.76,1.15,"[60783.6, 51519.3, 40646.5, 61834.0]",214783.4
QNLIDAK,0.42,0.87,2.41,0.3,"[13949.4, 28928.1, 79836.6, 10026.0]",132740.1
IEGVATPQDAQFYLGK,0.63,1.23,1.18,0.97,"[11276.4, 21928.8, 21051.0, 17334.4]",71590.6
LTRVHDK,1.23,0.93,0.85,0.99,"[210772.7, 158656.3, 144859.8, 168772.6]",683061.4
VLQALEK,0.66,0.79,0.71,1.84,"[62368.7, 75267.6, 66835.0, 174543.0]",379014.3
ALNEEAEARRLK,0.38,0.33,1.81,1.48,"[268452.6, 233244.1, 1267244.1, 1035653.7]",2804594.5
NQAALNPRNTVFDAK,0.49,1.32,1.16,1.03,"[38626.5, 104236.2, 91560.8, 81099.2]",315522.7
GNVGFVFTNEPLTEIK,1.04,1.01,1.0,0.95,"[104451.5, 100830.1, 100342.4, 94747.1]",400371.1
DTLPLGFTFSYPASQNK,1.06,1.26,0.81,0.86,"[48729.2, 57934.6, 37414.6, 39615.1]",183693.5
LAFTGSTEVGK,0.88,1.3,0.86,0.95,"[21196.0, 31402.0, 20745.8, 23001.5]",96345.3
EGHTLASDK,1.02,1.04,0.8,1.14,"[73167.8, 74688.6, 57851.0, 82238.0]",287945.4
GWVPVTK,0.99,0.92,1.04,1.04,"[264542.3, 245964.2, 276252.3, 277679.4]",1064438.2000000002
AEVSSMPTLIFYK,1.15,1.3,1.19,0.36,"[33270.0, 37534.1, 34167.7, 10263.6]",115235.40000000001
VEGIGYDFVPQVLDRK,0.88,1.18,0.92,1.02,"[36933.8, 49411.5, 38686.1, 42716.7]",167748.09999999998
ENTLLGEFDLK,0.67,0.86,0.82,1.65,"[39117.5, 50206.2, 47901.0, 96426.6]",233651.30000000002
QHILHNPTAK,0.0,1.09,2.11,0.8,"[0.0, 3399.2, 6584.2, 2493.7]",12477.099999999999
SRTLLSVPGYDEK,0.0,0.0,4.0,0.0,"[0.0, 0.0, 2163000.2, 0.0]",2163000.2
NVGDFIK,0.0,0.99,3.01,0.0,"[0.0, 3184.9, 9725.1, 0.0]",12910.0
NVINRVHNMWQK,0.0,4.0,0.0,0.0,"[0.0, 2146300.4, 0.0, 0.0]",2146300.4
VNVEGLPRDIK,1.01,1.14,0.95,0.9,"[172700.5, 196062.6, 163261.0, 155320.3]",687344.3999999999
GVPDTARDYRDQGIK,0.64,0.53,1.64,1.19,"[65678.8, 54876.7, 169112.7, 123307.5]",412975.7
TAEQVAAERAARK,0.16,0.17,1.84,1.84,"[36441.7, 37793.5, 419979.8, 420202.1]",914417.1
LQEEERERK,0.22,0.42,1.82,1.54,"[23264.0, 45650.4, 195982.2, 166039.4]",430936.0
THGAPTDEVRHVGDMGNVK,1.14,1.16,1.09,0.62,"[46660.4, 47343.1, 44505.9, 25204.7]",163714.1
TVVVVGTVTDDARIFEFPK,0.99,1.22,1.25,0.54,"[29793.5, 36760.1, 37665.6, 16094.3]",120313.50000000001
GRFAVHRITDEEASYK,1.39,0.98,0.72,0.91,"[22226.8, 15711.4, 11566.8, 14495.1]",64000.1
FEARHQK,1.2,1.13,0.79,0.88,"[49603.9, 46527.0, 32586.4, 36245.3]",164962.59999999998
AVPHYNRLDSYK,0.68,1.43,0.91,0.98,"[29920.0, 62938.4, 40060.8, 43232.9]",176152.1
SLADRIK,1.07,1.03,0.97,0.93,"[193956.4, 186961.0, 176162.0, 168351.8]",725431.2
LAADVPLEPESK,1.06,0.98,1.05,0.91,"[35746.5, 33062.7, 35533.9, 30762.6]",135105.7
TAEQIAAERAARK,0.08,0.1,2.04,1.77,"[5995.2, 8087.7, 157588.2, 136860.3]",308531.4
HVPQLHK,1.08,1.0,0.93,1.0,"[53329.5, 49368.5, 46030.2, 49559.2]",198287.40000000002
GIIELLHK,0.92,1.07,1.09,0.92,"[44694.4, 52021.9, 52903.2, 44423.3]",194042.8
TFAEAMRIGSEVYHNLK,1.02,1.12,1.38,0.48,"[70686.6, 77372.4, 95600.6, 32899.0]",276558.6
RFVDRQAK,0.94,1.02,0.96,1.07,"[38998.0, 42328.3, 39917.6, 44522.4]",165766.3
DYIHSVADRVK,1.26,1.11,0.74,0.89,"[57296.6, 50304.5, 33531.4, 40670.1]",181802.6
EAVAALK,1.04,1.1,1.09,0.77,"[32858.9, 34722.8, 34589.0, 24464.0]",126634.70000000001
TGHIAADGSVYNK,0.96,0.99,0.82,1.23,"[30004.7, 31116.9, 25682.0, 38436.3]",125239.90000000001
HGLVGLESLLK,1.23,0.96,1.32,0.49,"[21294.4, 16623.2, 22996.6, 8581.1]",69495.3
QVNVNTVFGLPGDFNLSLLDK,0.95,1.18,0.93,0.94,"[32060.4, 39681.5, 31499.8, 31769.7]",135011.4
RQVLIRPSSK,1.35,0.99,0.65,1.01,"[78105.7, 57523.8, 37575.5, 58480.8]",231685.8
SYIERGK,1.03,0.97,1.09,0.9,"[84005.7, 79166.1, 89271.7, 73702.4]",326145.9
SVILPTK,0.0,3.63,0.0,0.37,"[0.0, 22086.4, 0.0, 2267.7]",24354.100000000002
YLAAYLLLVQGGNAAPSAADIK,1.21,0.94,1.39,0.46,"[10277.6, 7983.7, 11801.6, 3891.4]",33954.3
YHPDPADPAK,1.04,1.03,0.93,1.0,"[38507.3, 37882.4, 34521.1, 36820.1]",147730.90000000002
VSPAAAAK,0.46,2.49,0.27,0.78,"[8200.8, 44347.1, 4823.7, 13812.8]",71184.4
VQSEYLGIPEEGPFK,1.0,0.98,1.1,0.92,"[79679.3, 78518.1, 87394.3, 73352.3]",318944.0
RLAAPHHWLLDK,1.17,1.29,0.6,0.94,"[92287.5, 101558.7, 46955.3, 73681.7]",314483.2
AVAEAIQAK,0.98,0.98,1.07,0.98,"[87181.3, 87283.6, 95766.8, 87138.3]",357370.0
EIEATEERK,0.99,1.01,1.0,1.0,"[21686.3, 22251.8, 21889.9, 21897.8]",87725.8
EDDVRDFVIRREVTK,0.0,4.0,0.0,0.0,"[0.0, 8920.2, 0.0, 0.0]",8920.2
FAVQVDK,1.06,0.97,1.12,0.85,"[25147.1, 22946.5, 26660.3, 20114.8]",94868.7
DDVRPVDPK,1.06,1.08,0.95,0.91,"[121581.6, 123926.3, 109648.8, 104813.6]",459970.30000000005
SHQVHRHK,0.97,1.69,0.0,1.34,"[6622.0, 11580.9, 0.0, 9209.2]",27412.100000000002
LSEGIRK,1.09,1.08,0.92,0.91,"[491682.4, 489441.6, 417673.0, 412568.3]",1811365.3
DDGAFVK,0.93,1.63,0.72,0.71,"[76261.5, 133364.4, 59139.3, 57822.5]",326587.7
STLEPVEQVLK,1.0,1.09,0.95,0.95,"[54204.6, 59214.4, 51578.8, 51585.8]",216583.59999999998
DVHGTGPRGRITK,0.08,0.1,2.02,1.79,"[1935.3, 2417.0, 47436.1, 42082.7]",93871.1
YNHVQTSTQK,1.07,2.1,0.83,0.0,"[7014.9, 13837.4, 5446.4, 0.0]",26298.699999999997
DHSVTLRERDSTK,0.41,0.26,1.85,1.49,"[16654.2, 10468.8, 75613.1, 60956.3]",163692.40000000002
FLAEASMRDHRK,0.52,0.3,1.77,1.42,"[48988.7, 28174.2, 167289.4, 134017.7]",378470.0
LLDTTREVK,0.86,1.06,1.0,1.08,"[92527.4, 113825.9, 107776.3, 116415.0]",430544.6
HVPRDSSSFK,1.04,1.0,1.01,0.95,"[48775.4, 47022.2, 47744.7, 44616.4]",188158.69999999998
LDQVWGSETVASSK,1.05,1.1,0.99,0.86,"[40628.9, 42729.8, 38359.7, 33525.9]",155244.30000000002
IADHVGGHK,0.77,1.13,0.84,1.26,"[16139.1, 23807.0, 17758.7, 26458.2]",84163.0
YGLPQLSEEAFDELSDK,1.09,0.77,1.08,1.07,"[27936.9, 19667.2, 27673.1, 27376.7]",102653.90000000001
FDELVRK,0.76,1.11,0.79,1.33,"[20685.8, 30253.2, 21544.7, 36267.7]",108751.4
LSEPVHK,0.94,0.8,1.1,1.17,"[228501.8, 193416.1, 266632.4, 283880.8]",972431.1000000001
RELEHEK,0.22,1.69,1.72,0.37,"[1919.9, 14754.9, 15090.2, 3245.8]",35010.8
LEFANLTPGLK,1.14,0.98,1.0,0.89,"[52027.4, 44651.5, 45851.6, 40640.8]",183171.3
VTQMTPAPK,0.97,1.21,1.07,0.75,"[159565.9, 198554.1, 176339.5, 123057.7]",657517.2
EILLRLK,1.12,1.04,0.96,0.88,"[50586.3, 47125.4, 43343.6, 39788.7]",180844.0
GLIPYNK,0.87,1.2,0.79,1.14,"[17524.0, 24350.2, 16042.7, 22946.8]",80863.7
AHRNGIK,0.93,0.74,1.34,1.0,"[7718.4, 6134.5, 11169.0, 8335.6]",33357.5
AAAALAGGK,0.9,0.9,0.95,1.25,"[58887.2, 58752.3, 62526.8, 82212.1]",262378.4
IMIRSNESFTEILLTMIK,1.47,1.34,0.57,0.62,"[56386.4, 51706.8, 21955.9, 23785.1]",153834.2
SELEYYAMLSK,1.01,0.9,1.0,1.09,"[82502.1, 72805.3, 81454.3, 88448.6]",325210.30000000005
